Feature,Description,Unit,Mean,Std,Min,P01,P25 (Q1),Median,P75 (Q3),P99,Max,Skewness,Kurtosis,Bin_Width_Median
target_tmpf,2m Air Temperature,°F,61.166310053627534,16.975339515040623,4.0,24.1,48.0,63.0,74.0,93.0,105.0,-0.26356738383171713,-0.7301105867459072,1.6031746031746037
dew_point_2m_f,2m Dew Point Temperature,°F,49.67540341086889,17.509840154654672,-19.299999999999997,6.259999999999998,36.5,52.879999999999995,64.4,74.66,80.96,-0.5623543183249095,-0.4959279060177084,0.8999999999999986
surface_pressure,Surface Barometric Pressure,hPa,1003.1046973331944,6.34541912168526,972.5,987.0,999.2,1003.0,1007.0,1018.6,1028.2,-0.05824861381253798,0.6108811690190765,0.3000000000000682
dp_3h,3-Hour Pressure Tendency (dp/3h),hPa,-4.346163207120754e-06,1.4244505008926418,-10.699999999999932,-3.599999999999909,-0.8999999999999773,0.0,0.8999999999999773,3.3999999999999773,10.600000000000023,-0.09639409289700406,1.058383321643496,0.3380952380952369
dp_24h,24-Hour Pressure Tendency (dp/24h),hPa,4.041931782622182e-05,5.87375115525672,-38.200000000000045,-15.899999999999977,-3.199999999999932,-0.1999999999999318,3.199999999999932,15.799999999999969,34.60000000000002,0.04692396215009682,1.9145152604713935,0.2999999999999545
dt_24h,24-Hour Temperature Change (dt/24h),°F,0.0019726365564479713,7.972271755607065,-51.9,-23.200000000000003,-4.0,1.0,5.0,18.0,39.2,-0.49977272537410167,1.5073161451307246,1.4460317460317462
u_wind,Zonal Wind Component (u_wind),m/s,1.8311742481904758,7.0713519842144015,-35.047549702624565,-13.322724469438755,-3.557009490586955,2.1587956175551843,6.81173591554806,18.727783079192022,39.19110013286758,0.06310904747993921,-0.04319963575593544,0.3631923997916373
v_wind,Meridional Wind Component (v_wind),m/s,0.22610673241326712,8.502961939892579,-44.58018469643868,-18.335398544503,-6.153786140176196,0.3479327524001646,6.81504955010645,18.749745446184868,41.44169944061662,-0.02723397356083488,-0.3584662768964222,0.393179350627447
vpd,Vapor Pressure Deficit (VPD),hPa,0.6530607552396882,0.6807167214140282,0.0,0.0,0.17977335767284203,0.4271492335726921,0.8777003003580574,3.048641335262829,6.168319614201306,1.8257037588098335,3.806967586058449,0.01916214400047872
q_spec,Specific Humidity (q_spec),g/kg,0.8870811428250468,0.4823361730241129,0.0355189888054021,0.12444373152209671,0.45164749843378504,0.8506562734125154,1.2865592403951824,1.8279103850443297,2.2467856538339737,0.23684917233340316,-1.1237585892832707,0.027493667015419998
theta,Potential Temperature (θ),K,288.811279018156,9.38008153094176,256.2062645804733,268.3834635410517,281.54006176243615,289.91962957840434,296.14414806761874,306.3429025314396,314.3900251342679,-0.26292714042472454,-0.7328878495201998,0.5335552935273995
cloud_cover,Total Cloud Cover,%,53.85406887799451,41.80415224862013,0.0,0.0,5.0,60.0,99.0,100.0,100.0,-0.14687182877538513,-1.7117417865996722,1.5873015873015874
shortwave_radiation,Surface Shortwave Radiation,W/m²,182.80727808490664,260.9602686741495,0.0,0.0,0.0,8.0,334.0,900.0,1022.0,1.272872656445337,0.354142174819446,16.22222222222223
solar_elevation,Astronomical Solar Elevation,degrees,0.205721004097874,38.17139310337056,-77.23816842802117,-73.61293342450685,-30.614034882814195,-0.14953999323765288,30.937484216766556,73.95194163001109,77.07584762760143,0.0011429454034174668,-0.9705173842007571,2.1380940398872497
